<?xml version="1.0" ?>
	<sweep runs="1">
		<parameter name="sigmaPers" type="constant" constant_type="double" value="0.1"></parameter>
		<parameter name="phiH" type="constant" constant_type="java.lang.String" value="0.002;0.003;0.005"></parameter>
		<parameter name="xiAge" type="constant" constant_type="int" value="3"></parameter>
		<parameter name="betaUrban" type="constant" constant_type="double" value="7426.37"></parameter>
		<parameter name="deltaSnMinus" type="constant" constant_type="double" value="0.05"></parameter>
		<parameter name="thetaIncvar" type="constant" constant_type="double" value="0.5"></parameter>
		<parameter name="deltaIn" type="constant" constant_type="double" value="0.001"></parameter>
		<parameter name="deltaOut" type="constant" constant_type="double" value="0.0"></parameter>
		<parameter name="deltaInherit" type="constant" constant_type="double" value="0.3"></parameter>
		<parameter name="thetaInc" type="constant" constant_type="double" value="2.0"></parameter>
		<parameter name="deltaSnPlus" type="constant" constant_type="double" value="0.2"></parameter>
		<parameter name="deltaSnT" type="constant" constant_type="double" value="0.8"></parameter>
		<parameter name="thetaSN" type="constant" constant_type="double" value="0.2"></parameter>
		<parameter name="tau" type="constant" constant_type="double" value="2.5"></parameter>
		<parameter name="thetaPop" type="constant" constant_type="double" value="0.0"></parameter>
		<parameter name="xi" type="constant" constant_type="double" value="0.0"></parameter>
		<parameter name="thetaM" type="constant" constant_type="double" value="0.5"></parameter>
		<parameter name="sigmaH" type="constant" constant_type="double" value="0.1"></parameter>
		<parameter name="betaRural" type="constant" constant_type="double" value="5131.15"></parameter>
		<parameter name="psiS" type="constant" constant_type="java.lang.String" value="0.7;0.7;0.7;0.8;0.75;0.75;0.75;0.75"></parameter>
		
		<parameter name="phiRB" type="constant" constant_type="double" value="0.5"></parameter>
		<parameter name="alphaUp" type="constant" constant_type="int" value="1"></parameter>
		<parameter name="gamma" type="constant" constant_type="int" value="20"></parameter>
		<parameter name="phiRF" type="constant" constant_type="double" value="1.2"></parameter>
		<parameter name="alphaPrim" type="constant" constant_type="int" value="3"></parameter>
		
		<parameter name="batchName" type="constant" constant_type="java.lang.String" value="illustrationExample"></parameter>
		
		
		<parameter name="randomSeed" type="number" number_type="int" start="1" end="25" step="1">
		</parameter>
</sweep>