<?xml version="1.0" encoding="UTF-8" ?>
<parameters>
				<parameter name="randomSeed" displayName="Default Random Seed" type="int" 
						defaultValue="1"
						isReadOnly="false" 
						converter="repast.simphony.parameter.StringConverterFactory$IntConverter"
									
		/>
		<parameter name="xiAge" displayName="xiAge: Minimum Age of Child for Mother work" type="int" 
						defaultValue="3"
						isReadOnly="false" 
						converter="repast.simphony.parameter.StringConverterFactory$IntConverter"
									
		/>
		
		<parameter name="gamma" displayName="gamma: Minimum Age parnter search" type="int" 
						defaultValue="20"
						isReadOnly="false" 
						converter="repast.simphony.parameter.StringConverterFactory$IntConverter"
									
		/>
		
		<parameter name="alphaPrim" displayName="alphaPrim: Maximum grade repetitions (primary)" type="int" 
						defaultValue="3"
						isReadOnly="false" 
						converter="repast.simphony.parameter.StringConverterFactory$IntConverter"
									
		/>
		<parameter name="alphaUp" displayName="alphaUp: Maximum grade repetitions (secondary +)" type="int" 
						defaultValue="1"
						isReadOnly="false" 
						converter="repast.simphony.parameter.StringConverterFactory$IntConverter"
									
		/>
		
		<parameter name="xi" displayName="xi: health sensitivity Mincer" type="double" 
						defaultValue="0.0" 
						isReadOnly="false" 
						converter="repast.simphony.parameter.StringConverterFactory$DoubleConverter"
									
		/>
		
		<parameter name="phiRB" displayName="phiRB: risky behaviour sensitiviy to SN" type="double" 
						defaultValue="0.5" 
						isReadOnly="false" 
						converter="repast.simphony.parameter.StringConverterFactory$DoubleConverter"
									
		/>
		
		<parameter name="thetaPop" displayName="thetaPop: Population growth" type="double" 
						defaultValue="0.00" 
						isReadOnly="false" 
						converter="repast.simphony.parameter.StringConverterFactory$DoubleConverter"
									
		/>
		<parameter name="deltaInherit" displayName="deltaInherit: % of SN inherited from parents" type="double" 
						defaultValue="0.3" 
						isReadOnly="false" 
						converter="repast.simphony.parameter.StringConverterFactory$DoubleConverter"
									
		/>
		<parameter name="deltaSnPlus" displayName="deltaSnPlus: SN: annual increase of intensity" type="double" 
						defaultValue="0.2" 
						isReadOnly="false" 
						converter="repast.simphony.parameter.StringConverterFactory$DoubleConverter"
									
		/>
		<parameter name="deltaSnMinus" displayName="deltaSnMinus: SN: annual decrease of intensity" type="double" 
						defaultValue="0.05" 
						isReadOnly="false" 
						converter="repast.simphony.parameter.StringConverterFactory$DoubleConverter"
									
		/>
		<parameter name="deltaSnT" displayName="deltaSnT: SN: intensity threshold" type="double" 
						defaultValue="0.8" 
						isReadOnly="false" 
						converter="repast.simphony.parameter.StringConverterFactory$DoubleConverter"
									
		/>
		
		<parameter name="thetaSN" displayName="thetaSN: SN: likelihood of new link (factor)" type="double" 
						defaultValue="0.2" 
						isReadOnly="false" 
						converter="repast.simphony.parameter.StringConverterFactory$DoubleConverter"
									
		/>
		
		<parameter name="sigmaPers" displayName="sigmaPers:Personality transmittion: SD" type="double" 
						defaultValue="0.1" 
						isReadOnly="false" 
						converter="repast.simphony.parameter.StringConverterFactory$DoubleConverter"
									
		/>
		<parameter name="sigmaH" displayName="sigmaH: Health transmittion: SD (-1: no transmission)" type="double" 
						defaultValue="0.1" 
						isReadOnly="false" 
						converter="repast.simphony.parameter.StringConverterFactory$DoubleConverter"
									
		/>
		
		<parameter name="thetaInc" displayName="thetaInc: income mean inflation (mincer)" type="double" 
						defaultValue="2.0" 
						isReadOnly="false" 
						converter="repast.simphony.parameter.StringConverterFactory$DoubleConverter"
									
		/>
		<parameter name="thetaIncvar" displayName="thetaIncvar: income sd inflation (mincer)" type="double" 
						defaultValue="0.5" 
						isReadOnly="false" 
						converter="repast.simphony.parameter.StringConverterFactory$DoubleConverter"
									
		/>
		
		
		<parameter name="deltaIn" displayName="deltaIn: Social network proportion" type="double" 
						defaultValue="0.001" 
						isReadOnly="false" 
						converter="repast.simphony.parameter.StringConverterFactory$DoubleConverter"
									
		/>
		
		<parameter name="tau" displayName="tau: transport cost" type="double" 
						defaultValue="2.5" 
						isReadOnly="false" 
						converter="repast.simphony.parameter.StringConverterFactory$DoubleConverter"
									
		/>
		
		<parameter name="betaRural" displayName="betaRural: Basic basket rural" type="double" 
						defaultValue="5131.15" 
						isReadOnly="false" 
						converter="repast.simphony.parameter.StringConverterFactory$DoubleConverter"
									
		/>
		<parameter name="betaUrban" displayName="betaUrban: Basic basket urban" type="double" 
						defaultValue="7426.37" 
						isReadOnly="false" 
						converter="repast.simphony.parameter.StringConverterFactory$DoubleConverter"
									
		/>

		<parameter name="deltaOut" displayName="deltaOut: Social network proportion (other village)" type="double" 
						defaultValue="0.000" 
						isReadOnly="false" 
						converter="repast.simphony.parameter.StringConverterFactory$DoubleConverter"
									
		/>
		
		<parameter name="phiRF" displayName="phiRF: HS:risk" type="double" 
						defaultValue="1.2" 
						isReadOnly="false" 
						converter="repast.simphony.parameter.StringConverterFactory$DoubleConverter"
									
		/>
		<parameter name="thetaM" displayName="thetaM: Mating:probability" type="double" 
						defaultValue="0.5" 
						isReadOnly="false" 
						converter="repast.simphony.parameter.StringConverterFactory$DoubleConverter"
									
		/>
		
		<parameter name="psiS" displayName="psiS: School delta" type="java.lang.String" 
						defaultValue="0.7;0.7;0.7;0.8;0.75;0.75;0.75;0.75" 
						isReadOnly="false" 
						converter="repast.simphony.parameter.StringConverterFactory$StringStringConverter"
									
		/>
		<parameter name="phiH" displayName="phiH: hospital quality" type="java.lang.String" 
						defaultValue="0.002;0.003;0.005" 
						isReadOnly="false" 
						converter="repast.simphony.parameter.StringConverterFactory$StringStringConverter"
									
		/>
		</parameters>


