<repast.simphony.visualization.engine.CartesianDisplayDescriptor>
  <name>World</name>
  <type>2D</type>
  <styles>
    <entry>
      <string>sEM2.School</string>
      <string>repast.simphony.visualization.editedStyle.EditedStyle2D</string>
    </entry>
    <entry>
      <string>sEM2.Family</string>
      <string>repast.simphony.visualization.editedStyle.EditedStyle2D</string>
    </entry>
    <entry>
      <string>sEM2.Hospital</string>
      <string>repast.simphony.visualization.editedStyle.EditedStyle2D</string>
    </entry>
  </styles>
  <editedStyles>
    <entry>
      <string>sEM2.School</string>
      <string>sEM2.School.style_2.xml</string>
    </entry>
    <entry>
      <string>sEM2.Family</string>
      <string>sEM2.Family.style_1.xml</string>
    </entry>
    <entry>
      <string>sEM2.Hospital</string>
      <string>sEM2.Hospital.style_3.xml</string>
    </entry>
  </editedStyles>
  <netStyles/>
  <editedNetStyles/>
  <frequency>ON_MOVE</frequency>
  <schedParams>
    <start>1.0</start>
    <interval>1.0</interval>
    <priority>-Infinity</priority>
    <pType>LAST</pType>
    <duration>-1.0</duration>
    <frequency>REPEAT</frequency>
    <hashCode>-1576201504</hashCode>
  </schedParams>
  <layoutClassName>foo.bar.baz</layoutClassName>
  <layoutProjection>space</layoutProjection>
  <layoutInterval>0</layoutInterval>
  <layerOrder>
    <entry>
      <string>sEM2.School</string>
      <int>0</int>
    </entry>
    <entry>
      <string>sEM2.Family</string>
      <int>2</int>
    </entry>
    <entry>
      <string>sEM2.Hospital</string>
      <int>1</int>
    </entry>
  </layerOrder>
  <projections>
    <repast.simphony.scenario.data.ProjectionData>
      <id>space</id>
      <attributes/>
      <type>continuous space</type>
    </repast.simphony.scenario.data.ProjectionData>
  </projections>
  <visualizationProperties class="repast.simphony.visualization.UnitSizeLayoutProperties">
    <unitSize>15.0</unitSize>
  </visualizationProperties>
  <projectionDescriptors>
    <entry>
      <string>space</string>
      <repast.simphony.visualization.continuous.ContinuousProjectionDescriptor>
        <proj reference="../../../../projections/repast.simphony.scenario.data.ProjectionData"/>
        <props>
          <entry>
            <string>repast.simphony.visualization.continuous.ContinuousDecorator</string>
            <map>
              <entry>
                <string>COLOR</string>
                <int>-16777216</int>
              </entry>
              <entry>
                <string>UNIT_SIZE</string>
                <float>15.0</float>
              </entry>
              <entry>
                <string>SHOW</string>
                <boolean>true</boolean>
              </entry>
            </map>
          </entry>
        </props>
      </repast.simphony.visualization.continuous.ContinuousProjectionDescriptor>
    </entry>
  </projectionDescriptors>
  <props/>
  <backgroundColor>
    <red>255</red>
    <green>255</green>
    <blue>255</blue>
    <alpha>255</alpha>
  </backgroundColor>
  <valueLayers/>
</repast.simphony.visualization.engine.CartesianDisplayDescriptor>