<repast.simphony.data2.engine.DataSetDescriptor>
  <name>Individuals</name>
  <type>NON_AGGREGATE</type>
  <sourceType>sEM2.Individual</sourceType>
  <inclTick>true</inclTick>
  <inclBatchRun>true</inclBatchRun>
  <inclRandomSeed>true</inclRandomSeed>
  <scheduleParams>
    <start>1.0</start>
    <interval>1.0</interval>
    <priority>-Infinity</priority>
    <pType>LAST</pType>
    <duration>-1.0</duration>
    <frequency>REPEAT</frequency>
    <hashCode>1730845389</hashCode>
  </scheduleParams>
  <atEnd>false</atEnd>
  <methodDataSources class="linked-hash-map">
    <entry>
      <string>Age</string>
      <repast.simphony.data2.engine.MethodDataSourceDefinition>
        <id>Age</id>
        <className>sEM2.Individual</className>
        <methodName>getAge</methodName>
      </repast.simphony.data2.engine.MethodDataSourceDefinition>
    </entry>
    <entry>
      <string>Dead</string>
      <repast.simphony.data2.engine.MethodDataSourceDefinition>
        <id>Dead</id>
        <className>sEM2.Individual</className>
        <methodName>isDead</methodName>
      </repast.simphony.data2.engine.MethodDataSourceDefinition>
    </entry>
    <entry>
      <string>HealthStock</string>
      <repast.simphony.data2.engine.MethodDataSourceDefinition>
        <id>HealthStock</id>
        <className>sEM2.Individual</className>
        <methodName>getHealthStock</methodName>
      </repast.simphony.data2.engine.MethodDataSourceDefinition>
    </entry>
    <entry>
      <string>LifeStatus</string>
      <repast.simphony.data2.engine.MethodDataSourceDefinition>
        <id>LifeStatus</id>
        <className>sEM2.Individual</className>
        <methodName>getLifeStatus</methodName>
      </repast.simphony.data2.engine.MethodDataSourceDefinition>
    </entry>
    <entry>
      <string>ReasonQuitSchool</string>
      <repast.simphony.data2.engine.MethodDataSourceDefinition>
        <id>ReasonQuitSchool</id>
        <className>sEM2.Individual</className>
        <methodName>getReasonQuitSchool</methodName>
      </repast.simphony.data2.engine.MethodDataSourceDefinition>
    </entry>
    <entry>
      <string>YearsEduc</string>
      <repast.simphony.data2.engine.MethodDataSourceDefinition>
        <id>YearsEduc</id>
        <className>sEM2.Individual</className>
        <methodName>getYearsEduc</methodName>
      </repast.simphony.data2.engine.MethodDataSourceDefinition>
    </entry>
    <entry>
      <string>Aspiration</string>
      <repast.simphony.data2.engine.MethodDataSourceDefinition>
        <id>Aspiration</id>
        <className>sEM2.Individual</className>
        <methodName>getAspiration</methodName>
      </repast.simphony.data2.engine.MethodDataSourceDefinition>
    </entry>
  </methodDataSources>
  <countSources class="linked-hash-map"/>
  <customNADataSources class="linked-hash-map"/>
  <customAggDataSources class="linked-hash-map"/>
</repast.simphony.data2.engine.DataSetDescriptor>