<repast.simphony.data2.engine.DataSetDescriptor>
  <name>Aggregate</name>
  <type>AGGREGATE</type>
  <inclTick>true</inclTick>
  <inclBatchRun>false</inclBatchRun>
  <inclRandomSeed>false</inclRandomSeed>
  <scheduleParams>
    <start>0.0</start>
    <interval>1.0</interval>
    <priority>-Infinity</priority>
    <pType>LAST</pType>
    <duration>-1.0</duration>
    <frequency>REPEAT</frequency>
    <hashCode>1686303587</hashCode>
  </scheduleParams>
  <atEnd>false</atEnd>
  <methodDataSources class="linked-hash-map">
    <entry>
      <string>propDead</string>
      <repast.simphony.data2.engine.MethodDataSourceDefinition>
        <id>propDead</id>
        <className>sEM2.Individual</className>
        <methodName>isDead</methodName>
        <aggType>MEAN</aggType>
      </repast.simphony.data2.engine.MethodDataSourceDefinition>
    </entry>
    <entry>
      <string>countFamily</string>
      <repast.simphony.data2.engine.MethodDataSourceDefinition>
        <id>countFamily</id>
        <className>sEM2.Family</className>
        <methodName>isFamily</methodName>
        <aggType>SUM</aggType>
      </repast.simphony.data2.engine.MethodDataSourceDefinition>
    </entry>
    <entry>
      <string>countIndividual</string>
      <repast.simphony.data2.engine.MethodDataSourceDefinition>
        <id>countIndividual</id>
        <className>sEM2.Individual</className>
        <methodName>isIndividual</methodName>
        <aggType>SUM</aggType>
      </repast.simphony.data2.engine.MethodDataSourceDefinition>
    </entry>
    <entry>
      <string>countReproductiveFam</string>
      <repast.simphony.data2.engine.MethodDataSourceDefinition>
        <id>countReproductiveFam</id>
        <className>sEM2.Family</className>
        <methodName>isReproductiveFamily</methodName>
        <aggType>SUM</aggType>
      </repast.simphony.data2.engine.MethodDataSourceDefinition>
    </entry>
    <entry>
      <string>SNmean</string>
      <repast.simphony.data2.engine.MethodDataSourceDefinition>
        <id>SNmean</id>
        <className>sEM2.Individual</className>
        <methodName>getSNsize</methodName>
        <aggType>MEAN</aggType>
      </repast.simphony.data2.engine.MethodDataSourceDefinition>
    </entry>
    <entry>
      <string>SNmin</string>
      <repast.simphony.data2.engine.MethodDataSourceDefinition>
        <id>SNmin</id>
        <className>sEM2.Individual</className>
        <methodName>getSNsize</methodName>
        <aggType>MIN</aggType>
      </repast.simphony.data2.engine.MethodDataSourceDefinition>
    </entry>
    <entry>
      <string>SNmax</string>
      <repast.simphony.data2.engine.MethodDataSourceDefinition>
        <id>SNmax</id>
        <className>sEM2.Individual</className>
        <methodName>getSNsize</methodName>
        <aggType>MAX</aggType>
      </repast.simphony.data2.engine.MethodDataSourceDefinition>
    </entry>
    <entry>
      <string>enrollment</string>
      <repast.simphony.data2.engine.MethodDataSourceDefinition>
        <id>enrollment</id>
        <className>sEM2.Individual</className>
        <methodName>isAtSchool</methodName>
        <aggType>MEAN</aggType>
      </repast.simphony.data2.engine.MethodDataSourceDefinition>
    </entry>
    <entry>
      <string>failRate</string>
      <repast.simphony.data2.engine.MethodDataSourceDefinition>
        <id>failRate</id>
        <className>sEM2.Model</className>
        <methodName>getFailRate</methodName>
        <aggType>MEAN</aggType>
      </repast.simphony.data2.engine.MethodDataSourceDefinition>
    </entry>
    <entry>
      <string>matingSuccess</string>
      <repast.simphony.data2.engine.MethodDataSourceDefinition>
        <id>matingSuccess</id>
        <className>sEM2.Model</className>
        <methodName>getMatingSuccessRatio</methodName>
        <aggType>MEAN</aggType>
      </repast.simphony.data2.engine.MethodDataSourceDefinition>
    </entry>
    <entry>
      <string>fertilityInflator</string>
      <repast.simphony.data2.engine.MethodDataSourceDefinition>
        <id>fertilityInflator</id>
        <className>sEM2.Model</className>
        <methodName>getFertilityInflation</methodName>
        <aggType>MEAN</aggType>
      </repast.simphony.data2.engine.MethodDataSourceDefinition>
    </entry>
    <entry>
      <string>propFemale</string>
      <repast.simphony.data2.engine.MethodDataSourceDefinition>
        <id>propFemale</id>
        <className>sEM2.Individual</className>
        <methodName>isFemale</methodName>
        <aggType>MEAN</aggType>
      </repast.simphony.data2.engine.MethodDataSourceDefinition>
    </entry>
    <entry>
      <string>capAblePayAllRecovery</string>
      <repast.simphony.data2.engine.MethodDataSourceDefinition>
        <id>capAblePayAllRecovery</id>
        <className>sEM2.Family</className>
        <methodName>getAblePayAllRecovery</methodName>
        <aggType>MEAN</aggType>
      </repast.simphony.data2.engine.MethodDataSourceDefinition>
    </entry>
    <entry>
      <string>capFullRecovery</string>
      <repast.simphony.data2.engine.MethodDataSourceDefinition>
        <id>capFullRecovery</id>
        <className>sEM2.Individual</className>
        <methodName>getCapFullRecoveryPossible</methodName>
        <aggType>MEAN</aggType>
      </repast.simphony.data2.engine.MethodDataSourceDefinition>
    </entry>
    <entry>
      <string>capDowngradeToPublic</string>
      <repast.simphony.data2.engine.MethodDataSourceDefinition>
        <id>capDowngradeToPublic</id>
        <className>sEM2.Individual</className>
        <methodName>getCapDowngradeToPublic</methodName>
        <aggType>MEAN</aggType>
      </repast.simphony.data2.engine.MethodDataSourceDefinition>
    </entry>
    <entry>
      <string>SNmeanAllIn</string>
      <repast.simphony.data2.engine.MethodDataSourceDefinition>
        <id>SNmeanAllIn</id>
        <className>sEM2.Individual</className>
        <methodName>getSNsizeAllIn</methodName>
        <aggType>MEAN</aggType>
      </repast.simphony.data2.engine.MethodDataSourceDefinition>
    </entry>
    <entry>
      <string>SNmeanNoOut</string>
      <repast.simphony.data2.engine.MethodDataSourceDefinition>
        <id>SNmeanNoOut</id>
        <className>sEM2.Individual</className>
        <methodName>getSNsizeNoOut</methodName>
        <aggType>MEAN</aggType>
      </repast.simphony.data2.engine.MethodDataSourceDefinition>
    </entry>
    <entry>
      <string>RiskyBehaviour</string>
      <repast.simphony.data2.engine.MethodDataSourceDefinition>
        <id>RiskyBehaviour</id>
        <className>sEM2.Individual</className>
        <methodName>getRiskyBehaviour</methodName>
        <aggType>MEAN</aggType>
      </repast.simphony.data2.engine.MethodDataSourceDefinition>
    </entry>
  </methodDataSources>
  <countSources class="linked-hash-map"/>
  <customNADataSources class="linked-hash-map"/>
  <customAggDataSources class="linked-hash-map"/>
</repast.simphony.data2.engine.DataSetDescriptor>