<repast.simphony.chart2.engine.TimeSeriesChartDescriptor>
  <name>Female</name>
  <dataSet>Aggregate</dataSet>
  <xAxisLabel>Tick Count</xAxisLabel>
  <yAxisLabel>Proportion of women</yAxisLabel>
  <chartTitle>Female</chartTitle>
  <type>TIME_SERIES</type>
  <background>
    <red>192</red>
    <green>192</green>
    <blue>192</blue>
    <alpha>255</alpha>
  </background>
  <gridLineColor>
    <red>255</red>
    <green>255</green>
    <blue>255</blue>
    <alpha>255</alpha>
  </gridLineColor>
  <showGrid>true</showGrid>
  <showLegend>true</showLegend>
  <seriesIds>
    <entry>
      <string>propFemale</string>
      <SeriesData>
        <label>propFemale</label>
        <color>
          <red>0</red>
          <green>0</green>
          <blue>255</blue>
          <alpha>255</alpha>
        </color>
      </SeriesData>
    </entry>
  </seriesIds>
  <dataValueIds/>
  <plotRangeLength>-1</plotRangeLength>
</repast.simphony.chart2.engine.TimeSeriesChartDescriptor>