<repast.simphony.chart2.engine.TimeSeriesChartDescriptor>
  <name>Count</name>
  <dataSet>Aggregate</dataSet>
  <xAxisLabel>Tick Count</xAxisLabel>
  <yAxisLabel></yAxisLabel>
  <chartTitle>agent count</chartTitle>
  <type>TIME_SERIES</type>
  <background>
    <red>0</red>
    <green>0</green>
    <blue>0</blue>
    <alpha>255</alpha>
  </background>
  <gridLineColor>
    <red>153</red>
    <green>153</green>
    <blue>153</blue>
    <alpha>255</alpha>
  </gridLineColor>
  <showGrid>true</showGrid>
  <showLegend>true</showLegend>
  <seriesIds>
    <entry>
      <string>countFamily</string>
      <SeriesData>
        <label>countFamily</label>
        <color>
          <red>255</red>
          <green>0</green>
          <blue>0</blue>
          <alpha>255</alpha>
        </color>
      </SeriesData>
    </entry>
    <entry>
      <string>countIndividual</string>
      <SeriesData>
        <label>countIndividual</label>
        <color>
          <red>0</red>
          <green>255</green>
          <blue>0</blue>
          <alpha>255</alpha>
        </color>
      </SeriesData>
    </entry>
    <entry>
      <string>countSingle</string>
      <SeriesData>
        <label>countSingle</label>
        <color>
          <red>255</red>
          <green>200</green>
          <blue>0</blue>
          <alpha>255</alpha>
        </color>
      </SeriesData>
    </entry>
    <entry>
      <string>countReproductiveFam</string>
      <SeriesData>
        <label>countReproductiveFam</label>
        <color>
          <red>255</red>
          <green>0</green>
          <blue>255</blue>
          <alpha>255</alpha>
        </color>
      </SeriesData>
    </entry>
  </seriesIds>
  <dataValueIds/>
  <plotRangeLength>-1</plotRangeLength>
</repast.simphony.chart2.engine.TimeSeriesChartDescriptor>