<repast.simphony.chart2.engine.TimeSeriesChartDescriptor>
  <name>SN</name>
  <dataSet>Aggregate</dataSet>
  <xAxisLabel>Tick Count</xAxisLabel>
  <yAxisLabel></yAxisLabel>
  <chartTitle>SN</chartTitle>
  <type>TIME_SERIES</type>
  <background>
    <red>0</red>
    <green>0</green>
    <blue>0</blue>
    <alpha>255</alpha>
  </background>
  <gridLineColor>
    <red>153</red>
    <green>153</green>
    <blue>153</blue>
    <alpha>255</alpha>
  </gridLineColor>
  <showGrid>true</showGrid>
  <showLegend>true</showLegend>
  <seriesIds>
    <entry>
      <string>SNmean</string>
      <SeriesData>
        <label>SNmean</label>
        <color>
          <red>255</red>
          <green>200</green>
          <blue>0</blue>
          <alpha>255</alpha>
        </color>
      </SeriesData>
    </entry>
    <entry>
      <string>SNmin</string>
      <SeriesData>
        <label>SNmin</label>
        <color>
          <red>0</red>
          <green>255</green>
          <blue>255</blue>
          <alpha>255</alpha>
        </color>
      </SeriesData>
    </entry>
    <entry>
      <string>SNmeanNoOut</string>
      <SeriesData>
        <label>SNmeanNoOut</label>
        <color>
          <red>51</red>
          <green>255</green>
          <blue>0</blue>
          <alpha>255</alpha>
        </color>
      </SeriesData>
    </entry>
    <entry>
      <string>SNmeanAllIn</string>
      <SeriesData>
        <label>SNmeanAllIn</label>
        <color>
          <red>255</red>
          <green>0</green>
          <blue>51</blue>
          <alpha>255</alpha>
        </color>
      </SeriesData>
    </entry>
    <entry>
      <string>SNmax</string>
      <SeriesData>
        <label>SNmax</label>
        <color>
          <red>255</red>
          <green>255</green>
          <blue>0</blue>
          <alpha>255</alpha>
        </color>
      </SeriesData>
    </entry>
  </seriesIds>
  <dataValueIds/>
  <plotRangeLength>-1</plotRangeLength>
</repast.simphony.chart2.engine.TimeSeriesChartDescriptor>