<?xml version="1.0" encoding="UTF-8" ?>
<Scenario>
<repast.simphony.action.data_set context="SEM2" file="repast.simphony.action.data_set_0.xml" />
<repast.simphony.action.data_set context="SEM2" file="repast.simphony.action.data_set_1.xml" />
<repast.simphony.action.data_set context="SEM2" file="repast.simphony.action.data_set_2.xml" />
<repast.simphony.action.data_set context="SEM2" file="repast.simphony.action.data_set_3.xml" />
<repast.simphony.action.file_sink context="SEM2" file="repast.simphony.action.file_sink_4.xml" />
<repast.simphony.dataLoader.engine.ClassNameDataLoaderAction context="SEM2" file="repast.simphony.dataLoader.engine.ClassNameDataLoaderAction_5.xml" />
<repast.simphony.action.histogram_chart context="SEM2" file="repast.simphony.action.histogram_chart_6.xml" />
<repast.simphony.action.time_series_chart context="SEM2" file="repast.simphony.action.time_series_chart_7.xml" />
<repast.simphony.action.histogram_chart context="SEM2" file="repast.simphony.action.histogram_chart_8.xml" />
<repast.simphony.action.histogram_chart context="SEM2" file="repast.simphony.action.histogram_chart_9.xml" />
<repast.simphony.action.time_series_chart context="SEM2" file="repast.simphony.action.time_series_chart_10.xml" />
<repast.simphony.action.time_series_chart context="SEM2" file="repast.simphony.action.time_series_chart_11.xml" />
<repast.simphony.action.histogram_chart context="SEM2" file="repast.simphony.action.histogram_chart_12.xml" />
<repast.simphony.action.histogram_chart context="SEM2" file="repast.simphony.action.histogram_chart_13.xml" />
<repast.simphony.action.time_series_chart context="SEM2" file="repast.simphony.action.time_series_chart_14.xml" />
<repast.simphony.action.time_series_chart context="SEM2" file="repast.simphony.action.time_series_chart_15.xml" />
<repast.simphony.action.time_series_chart context="SEM2" file="repast.simphony.action.time_series_chart_16.xml" />
<repast.simphony.action.histogram_chart context="SEM2" file="repast.simphony.action.histogram_chart_17.xml" />
<repast.simphony.action.time_series_chart context="SEM2" file="repast.simphony.action.time_series_chart_18.xml" />
<repast.simphony.action.histogram_chart context="SEM2" file="repast.simphony.action.histogram_chart_19.xml" />
<repast.simphony.action.histogram_chart context="SEM2" file="repast.simphony.action.histogram_chart_20.xml" />
<repast.simphony.action.time_series_chart context="SEM2" file="repast.simphony.action.time_series_chart_21.xml" />
<repast.simphony.action.time_series_chart context="SEM2" file="repast.simphony.action.time_series_chart_22.xml" />
<repast.simphony.action.time_series_chart context="SEM2" file="repast.simphony.action.time_series_chart_23.xml" />
<repast.simphony.action.display context="SEM2" file="repast.simphony.action.display_24.xml" />
</Scenario>